Language,Get Current Epoch Time,Human → Epoch,Epoch → Human,Week #,Day #,Since Year 0
JavaScript,Math.floor(Date.now()/1000),Math.floor(new Date('2026-02-15').getTime()/1000),new Date(1739577600*1000).toISOString(),Use date-fns lib,Math.floor((new Date()-new Date(new Date().getFullYear()0,0))/86400000),Math.floor(Date.now()/1000)+63839616000
Python,int(time.time()),int(datetime(2026,2,15).timestamp()),datetime.fromtimestamp(1739577600),datetime.now().isocalendar()[1],datetime.now().timetuple().tm_yday,int(time.time())+63839616000
Bash/Shell,date +%s,date -d "2026-02-15" +%s,date -d @1739577600,date +%V,date +%j,echo $(($(date +%s)+63839616000))
TypeScript,Math.floor(Date.now()/1000),Math.floor(new Date('2026-02-15').getTime()/1000),new Date(1739577600*1000).toISOString(),Use date-fns lib,Math.floor((new Date()-new Date(new Date().getFullYear(),0,0))/86400000),Math.floor(Date.now()/1000)+63839616000
Java,Instant.now().getEpochSecond(),LocalDateTime.of(2026,2,15,0,0).toEpochSecond(ZoneOffset.UTC),Instant.ofEpochSecond(1739577600),LocalDate.now().get(WeekFields.ISO.weekOfWeekBasedYear()),LocalDate.now().getDayOfYear(),Instant.now().getEpochSecond()+63839616000L
C#,DateTimeOffset.UtcNow.ToUnixTimeSeconds(),new DateTimeOffset(2026,2,15,0,0,0,TimeSpan.Zero).ToUnixTimeSeconds(),DateTimeOffset.FromUnixTimeSeconds(1739577600),CultureInfo.CurrentCulture.Calendar.GetWeekOfYear(DateTime.Now,CalendarWeekRule.FirstFourDayWeek,DayOfWeek.Monday),DateTime.Now.DayOfYear,DateTimeOffset.UtcNow.ToUnixTimeSeconds()+63839616000
C++20,std::chrono::system_clock::now().time_since_epoch().count()/1000000000,std::chrono::sys_days{2026y/February/15d}.time_since_epoch().count()/86400*86400,std::chrono::sys_seconds{std::chrono::seconds{1739577600}},Use date library,Use date library,std::chrono::system_clock::now().time_since_epoch().count()/1000000000+63839616000
PowerShell,[DateTimeOffset]::UtcNow.ToUnixTimeSeconds(),[DateTimeOffset]::new(2026,2,15,0,0,0,[TimeSpan]::Zero).ToUnixTimeSeconds(),[DateTimeOffset]::FromUnixTimeSeconds(1739577600),(Get-Date).ToString('ww'),(Get-Date).DayOfYear,[DateTimeOffset]::UtcNow.ToUnixTimeSeconds()+63839616000
PHP,time(),strtotime('2026-02-15'),date('Y-m-d H:i:s',1739577600),date('W'),date('z')+1,time()+63839616000
Go,time.Now().Unix(),time.Date(2026,2,15,0,0,0,0,time.UTC).Unix(),time.Unix(1739577600,0),"_,week:=time.Now().ISOWeek();week",time.Now().YearDay(),time.Now().Unix()+63839616000
Rust,SystemTime::now().duration_since(UNIX_EPOCH).unwrap().as_secs(),"chrono::NaiveDate::from_ymd_opt(2026,2,15).unwrap().and_hms_opt(0,0,0).unwrap().timestamp()","chrono::NaiveDateTime::from_timestamp_opt(1739577600,0)",Use chrono crate,chrono::Local::now().ordinal(),SystemTime::now().duration_since(UNIX_EPOCH).unwrap().as_secs()+63839616000
Kotlin,Clock.System.now().epochSeconds,LocalDateTime(2026,2,15,0,0).toInstant(TimeZone.UTC).epochSeconds,Instant.fromEpochSeconds(1739577600),Clock.System.now().toLocalDateTime(TimeZone.UTC).weekOfYear,Clock.System.now().toLocalDateTime(TimeZone.UTC).dayOfYear,Clock.System.now().epochSeconds+63839616000
Lua,os.time(),os.time({year=2026,month=2,day=15}),os.date('%Y-%m-%d %H:%M:%S',1739577600),tonumber(os.date('%V')),tonumber(os.date('%j')),os.time()+63839616000
Ruby,Time.now.to_i,Time.new(2026,2,15).to_i,Time.at(1739577600),Time.now.strftime('%V').to_i,Time.now.yday,Time.now.to_i+63839616000
Dart,DateTime.now().millisecondsSinceEpoch~/1000,DateTime(2026,2,15).millisecondsSinceEpoch~/1000,DateTime.fromMillisecondsSinceEpoch(1739577600*1000),Use intl package,DateTime.now().difference(DateTime(DateTime.now().year,1,1)).inDays+1,DateTime.now().millisecondsSinceEpoch~/1000+63839616000
Swift,Int(Date().timeIntervalSince1970),Int(Calendar.current.date(from:DateComponents(year:2026,month:2,day:15))!.timeIntervalSince1970),Date(timeIntervalSince1970:1739577600),Calendar.current.component(.weekOfYear,from:Date()),Calendar.current.ordinality(of:.day,in:.year,for:Date())!,Int(Date().timeIntervalSince1970)+63839616000
R,as.numeric(Sys.time()),as.numeric(as.POSIXct('2026-02-15',tz='UTC')),as.POSIXct(1739577600,origin='1970-01-01'),as.numeric(format(Sys.time(),'%V')),as.numeric(format(Sys.time(),'%j')),as.numeric(Sys.time())+63839616000
VB.NET,DateTimeOffset.UtcNow.ToUnixTimeSeconds(),New DateTimeOffset(2026,2,15,0,0,0,TimeSpan.Zero).ToUnixTimeSeconds(),DateTimeOffset.FromUnixTimeSeconds(1739577600),CultureInfo.CurrentCulture.Calendar.GetWeekOfYear(DateTime.Now,CalendarWeekRule.FirstFourDayWeek,DayOfWeek.Monday),DateTime.Now.DayOfYear,DateTimeOffset.UtcNow.ToUnixTimeSeconds()+63839616000
VBA,DateDiff("s",#1/1/1970#,Now()),DateDiff("s",#1/1/1970#,DateSerial(2026,2,15)),DateAdd("s",1739577600,#1/1/1970#),Format(Now(),"ww"),Format(Now(),"y"),DateDiff("s",#1/1/1970#,Now())+63839616000
Perl,time,use Time::Local;timegm(0,0,0,15,1,2026),use POSIX;strftime('%Y-%m-%d',localtime(1739577600)),use POSIX;strftime('%V',localtime()),use POSIX;strftime('%j',localtime()),time+63839616000
Delphi,DateTimeToUnix(Now),DateTimeToUnix(EncodeDate(2026,2,15)),UnixToDateTime(1739577600),WeekOf(Now),DayOfTheYear(Now),DateTimeToUnix(Now)+63839616000
Elixir,:os.system_time(:second),DateTime.new!(~D[2026-02-15],~T[00:00:00])|>DateTime.to_unix(),DateTime.from_unix!(1739577600),Date.utc_today()|>Date.week_of_year(),Date.utc_today()|>Date.day_of_year(),:os.system_time(:second)+63839616000
Scala,Instant.now().getEpochSecond,LocalDateTime.of(2026,2,15,0,0).toEpochSecond(ZoneOffset.UTC),Instant.ofEpochSecond(1739577600),LocalDate.now().get(WeekFields.ISO.weekOfWeekBasedYear()),LocalDate.now().getDayOfYear,Instant.now().getEpochSecond+63839616000L
Erlang,erlang:system_time(second),calendar:datetime_to_gregorian_seconds({{2026,2,15},{0,0,0}})-62167219200,calendar:gregorian_seconds_to_datetime(1739577600+62167219200),Use library,Use library,erlang:system_time(second)+63839616000
F#,DateTimeOffset.UtcNow.ToUnixTimeSeconds(),DateTimeOffset(2026,2,15,0,0,0,TimeSpan.Zero).ToUnixTimeSeconds(),DateTimeOffset.FromUnixTimeSeconds(1739577600L),System.Globalization.CultureInfo.CurrentCulture.Calendar.GetWeekOfYear(DateTime.Now,CalendarWeekRule.FirstFourDayWeek,DayOfWeek.Monday),DateTime.Now.DayOfYear,DateTimeOffset.UtcNow.ToUnixTimeSeconds()+63839616000L
MySQL,SELECT UNIX_TIMESTAMP(),SELECT UNIX_TIMESTAMP('2026-02-15'),SELECT FROM_UNIXTIME(1739577600),SELECT WEEK(NOW(),3),SELECT DAYOFYEAR(NOW()),SELECT UNIX_TIMESTAMP()+63839616000
PostgreSQL,SELECT EXTRACT(EPOCH FROM NOW()),SELECT EXTRACT(EPOCH FROM '2026-02-15'::timestamp),SELECT TO_TIMESTAMP(1739577600),SELECT EXTRACT(WEEK FROM NOW()),SELECT EXTRACT(DOY FROM NOW()),SELECT EXTRACT(EPOCH FROM NOW())+63839616000
SQLite,SELECT STRFTIME('%s','now'),SELECT STRFTIME('%s','2026-02-15'),SELECT DATETIME(1739577600,'unixepoch'),SELECT STRFTIME('%W','now'),SELECT STRFTIME('%j','now'),SELECT STRFTIME('%s','now')+63839616000
SQL Server,SELECT DATEDIFF(s,'1970-01-01',GETUTCDATE()),SELECT DATEDIFF(s,'1970-01-01','2026-02-15'),SELECT DATEADD(s,1739577600,'1970-01-01'),SELECT DATEPART(WEEK,GETDATE()),SELECT DATEPART(DAYOFYEAR,GETDATE()),SELECT DATEDIFF(s,'1970-01-01',GETUTCDATE())+63839616000
Oracle,SELECT (CAST(SYS_EXTRACT_UTC(SYSTIMESTAMP) AS DATE)-TO_DATE('01/01/1970','DD/MM/YYYY'))*86400 FROM DUAL,SELECT (TO_DATE('15/02/2026','DD/MM/YYYY')-TO_DATE('01/01/1970','DD/MM/YYYY'))*86400 FROM DUAL,SELECT TO_DATE('01/01/1970','DD/MM/YYYY')+1739577600/86400 FROM DUAL,SELECT TO_CHAR(SYSDATE,'IW') FROM DUAL,SELECT TO_CHAR(SYSDATE,'DDD') FROM DUAL,SELECT (CAST(SYS_EXTRACT_UTC(SYSTIMESTAMP) AS DATE)-TO_DATE('01/01/1970','DD/MM/YYYY'))*86400+63839616000 FROM DUAL